Feature,d_OR_Raw,d_OR_Raw_Low,d_OR_Raw_High
age,1.0945108571613327,1.0816020935935333,1.1085803514360137
bmi,1.139449901355408,1.1161064538877035,1.161678400708857
history_surgery,7.26273186224084,4.935560476110898,10.657738443819193
frequent_symptoms,2.597172125682209,2.10177268599556,3.1817653425084167
history_trauma,2.107764754700188,1.6571566949058194,2.6433204756422723
