C,mean_cv_auc,std_cv_auc,is_selected_C
0.0001,0.5,0.0,False
0.000774263682681127,0.5,0.0,False
0.005994842503189409,0.8131651899614546,0.016332172977090657,False
0.046415888336127774,0.8230115115489225,0.020084645598457414,True
0.3593813663804626,0.8167230257755387,0.02005190745355722,False
2.782559402207126,0.8140812937049788,0.019547675994684773,False
21.54434690031882,0.8130505329155705,0.018630426515543485,False
166.81005372000558,0.8129246872680573,0.018136150709644142,False
1291.5496650148827,0.8128667421686872,0.018055112334465127,False
10000.0,0.8126227348712143,0.01762526758263836,False
