Feature,Importance_Mean,Importance_Std
age,0.11671466411311374,0.02355804373672848
bmi,0.06438995592319298,0.014721815242206941
history_surgery,0.03173006997671773,0.01227021901419699
frequent_symptoms,0.022866703676324943,0.0062290128616264906
history_trauma,0.013390913184058537,0.0043467808934657595
