Feature,Importance_Mean,Importance_Std
age,0.11849570407603582,0.023457724279922095
bmi,0.055124435277102535,0.011688249143582437
history_surgery,0.030242146053551407,0.010554284177305577
history_trauma,0.012371479556741855,0.0041888023879828006
occupation_4,0.0060591318753819,0.004130182487974082
frequent_symptoms,0.005976278037081404,0.0034857578966907094
recent_pain_7d,0.005396748643888045,0.004753140975183708
race_raw_3,0.004311172391908358,0.0033448534164130257
knee_disability,0.003997504160554226,0.0028996504722286483
