sex_feature,auc_sex_only,auc_base_model,auc_base_plus_sex,delta_auc_add_sex
sex_female,0.5331540512557075,0.8295758495615093,0.8293398340011116,-0.00023601556039776206
