k,AUC,Added Variable
1,0.6938011465251978,age
2,0.7603199311121415,bmi
3,0.8094269180511481,history_surgery
4,0.8191190904875744,history_trauma
5,0.8235838547092439,occupation_4
6,0.8249890104596338,race_raw_3
