k,AUC,Added Variable
1,0.695354510485478,age
2,0.7589188082393783,bmi
3,0.8098950126215514,history_surgery
4,0.8206570977647549,history_trauma
5,0.8247630336868683,occupation_4
6,0.8264710906956994,race_raw_3
