k,AUC,Added Variable
1,0.7279732076218909,age
2,0.7943518701861809,bmi
3,0.8317801335980247,history_surgery
4,0.841760425604652,history_trauma
5,0.8450343726359293,occupation_4
6,0.8481568499027716,waist_hip_ratio
7,0.847732903802314,race_raw_3
