k,AUC,Added Variable
1,0.6925303670661653,age
2,0.7554834708526786,bmi
3,0.807135142803188,history_surgery
4,0.8184526398652219,history_trauma
5,0.8220703468967288,occupation_4
6,0.8243646430443179,race_raw_3
