Feature,OR,2.5%,97.5%,P-value,OR (95% CI),Feature Label
age,1.1046476781448862,1.0913115657071233,1.1181467613606941,4.863436939078367e-58,1.10 (1.09-1.12),Age (years)
bmi,1.1663528254776943,1.1411394023528219,1.1921233380382337,2.529548822407561e-43,1.17 (1.14-1.19),Body Mass Index (BMI)
history_trauma,4.018297183835377,3.2474426944080985,4.972131543821541,1.6639904988979651e-37,4.02 (3.25-4.97),History of Knee Trauma
occupation_4,0.6597833680476481,0.5312719592002871,0.8193808937470892,0.00016840929257326215,0.66 (0.53-0.82),Occupation (Category 4)
waist_hip_ratio,0.07810556851807257,0.021692209149003498,0.2812290713051499,9.588724985419057e-05,0.08 (0.02-0.28),Waist-Hip Ratio
race_raw_3,0.7001102031023799,0.5619207457277726,0.8722836809543871,0.0014831196994271579,0.70 (0.56-0.87),Race (Category 3)
