Feature,OR,2.5%,97.5%,P-value,OR (95% CI),Feature Label
age,2.2566421675663304,2.027140863653644,2.5121262975578578,4.922328524208321e-50,2.26 (2.03-2.51),Age (years)
bmi,1.8513973447728065,1.679210968258148,2.0412397209311557,3.9445610430909144e-35,1.85 (1.68-2.04),Body Mass Index (BMI)
history_trauma,1.6035654835496196,1.4877871038315464,1.7283536424058643,4.833040902217964e-35,1.60 (1.49-1.73),History of Knee Trauma
occupation_4,0.8145675889446162,0.7315495445339765,0.9070067255413736,0.00018427481383410146,0.81 (0.73-0.91),Occupation (Category 4)
race_raw_3,0.8381091335100325,0.749623947021918,0.9370390613367097,0.0019202880965290118,0.84 (0.75-0.94),Race (Category 3)
