k,AUC,Added Variable
1,0.6915025202492852,age
2,0.7561316352493023,bmi
3,0.796982491598085,history_surgery
4,0.8065151559697763,history_trauma
5,0.8107150077182878,occupation_4
6,0.8136909651151083,waist_hip_ratio
7,0.8145334332083854,race_raw_3
