Model,AUC,Std,n_features
RandomForest(clinical),0.7994819371780648,0.01864087439338861,52
XGBoost(clinical),0.778682498434265,0.02363131838905648,52
